"population","network","median","IQR"
"bo","lattice",0,0
"epi","lattice",0.929909090909091,0.432409090909091
"tess","lattice",0.221522727272727,0.236988636363636
"mave","lattice",0.649757575757576,0.283916666666667
