"population","network","median","IQR"
"bo","small",0,0
"epi","small",0.596166666666667,0.302893939393939
"mave","small",0.64469696969697,0.31064393939394
"tess","small",0.184409090909091,0.313590909090909
