population,FPTT_mean,FPTT_median,FPTT_IQR,FPTT_SD
All,123.49777777777778,61,103.375,287.8572491346573
Bo,83.57166666666667,58,85,95.250714935758225
Mave,127.42333333333333,64,108.25,239.88200707690365
Tess,141.66048667439165,63,144.25,229.48908254061087
