population,FPTT_mean,FPTT_median,FPTT_IQR,FPTT_SD
All,108.80777777777777,53,88.25,317.4050439063148
Bo,64.76,43.5,71,69.48867882600241
Mave,104.53333333333333,50.5,93.25,173.35226501672642
Tess,172.7288732394366,53.5,123.25,682.8543332127635
