population,FPTT_mean,FPTT_median,FPTT_IQR,FPTT_SD
All,86.93444444444444,47,81,177.80636858026182
Bo,69.43111111111111,43,69,86.60826057400028
Mave,102.26555555555555,52,91,183.8874599378188
Tess,140.39721254355402,46,96,488.46575675998497
