population,FPTT_mean,FPTT_median,FPTT_IQR,FPTT_SD
All,260.4588888888889,84,262.75,523.8503532754607
Bo,224.3411111111111,100.5,228.375,605.1674792381801
Mave,274.96666666666664,111.5,281.125,543.9234611834969
Tess,360.3686746987952,108,280.25,912.7167257589421
