population,FPTT_mean,FPTT_median,FPTT_IQR,FPTT_SD
All,96.44,50,90,202.07921928935914
Bo,74.19111111111111,49,76.5,90.87593496385912
Mave,98.71333333333334,57,106.5,138.62832669457597
Tess,169.4022988505747,59,156,406.5761802138484
