population,FPTT_mean,FPTT_median,FPTT_IQR,FPTT_SD
All,135.6288888888889,56,100.5,434.78216398704427
Bo,72.77111111111111,50,76,78.3071364999707
Mave,107.81555555555556,54.5,112.75,156.19322801930093
Tess,221.93287037037038,57,145.25,745.71604520563
