population,FPTT_mean,FPTT_median,FPTT_IQR,FPTT_SD
All,215.85555555555555,82.5,167.75,498.73829476160876
Bo,132.4788888888889,78.5,146.875,287.1289143801964
Mave,181.43666666666667,103.5,188.25,294.1221052472941
Tess,186.06763285024155,81,174.25,344.24783116905894
