population,FPTT_mean,FPTT_median,FPTT_IQR,FPTT_SD
All,118.34649610678532,65,112.25,218.38863041287433
Bo,89.76751946607341,58.5,94.5,115.44937817748684
Mave,123.75611111111111,70.75,122.25,200.4213462583956
Tess,142.83177022274327,73,137.5,286.7230839826631
