population,FPTT_mean,FPTT_median,FPTT_IQR,FPTT_SD
All,81.98666666666666,51,79,106.0133193295937
Bo,58.69777777777778,38.5,62,63.53206050648718
Mave,96.80222222222223,45,82.75,184.0061330788758
Tess,145.7354988399072,44,112,636.3913814167763
