population,FPTT_mean,FPTT_median,FPTT_IQR,FPTT_SD
All,77.42888888888889,43,69,149.2765794058767
Bo,54.144444444444446,38,59.75,57.30805303219612
Mave,79.9888888888889,41.5,78.75,138.95703574388392
Tess,121.69141531322506,46,96,315.52229110150955
