population,FPTT_mean,FPTT_median,FPTT_IQR,FPTT_SD
All,157.8575,53,138,380.21430588342656
Bo,103.71472222222222,50,122,160.7631998490789
Mave,162.02444444444444,58,160,361.5713586185059
Tess,254.0831381733021,59,176.125,730.4063795704102
