population,RR_mean,RR_median,RR_IQR,RR_SD
All,0.4056644452037437,0.37035837066115607,0.18328534524715812,0.11158825385197314
Bo,0.3940218868311283,0.3567827806385031,0.19555608100282623,0.11057569434425318
Mave,0.391563637450315,0.3516914175283241,0.17723276581650116,0.11018499413282125
Tess,0.4333830846475319,0.3813458985203739,0.2450398063832404,0.12456649319690528
