population,RR_mean,RR_median,RR_IQR,RR_SD
All,0.413288420875374,0.39378524534535353,0.18766674924270432,0.10500275480422606
Bo,0.40534007168731606,0.3664426589823355,0.1526397378338853,0.09919975826021324
Mave,0.4030178897522103,0.3707583399463108,0.19564170166024464,0.10352834383087284
Tess,0.4575024450246076,0.5050371253272229,0.25699552943710113,0.127987126066889
