population,RR_mean,RR_median,RR_IQR,RR_SD
All,0.4450348844588566,0.4181291055975793,0.14507285174607848,0.08415993255940558
Bo,0.4304601001707856,0.415129815367007,0.13657417593311416,0.08703283565151947
Mave,0.4366381228432797,0.40434627578776317,0.15346332194026335,0.08186227645559253
Tess,0.4908725037596277,0.5054665946703447,0.2170498430194045,0.11504803619968192
