population,RR_mean,RR_median,RR_IQR,RR_SD
All,0.4153973231945615,0.39465907382376497,0.19054069886084918,0.10421549103389265
Bo,0.40616549249917605,0.3683173888576252,0.1519831512094919,0.09861799924464004
Mave,0.4045354593773411,0.3726581126664845,0.2022310547811525,0.10300800842730456
Tess,0.4610053067627462,0.5051309658914802,0.26485342956291413,0.13032424424407374
