population,RR_mean,RR_median,RR_IQR,RR_SD
All,0.4175062255137491,0.3977874756822125,0.1914945011552226,0.10349605255622611
Bo,0.406990913311036,0.37002010749051,0.1511239616851595,0.09813624312862645
Mave,0.4060530290024718,0.37391935504495316,0.2061264589520786,0.10257776107490447
Tess,0.46450816850088483,0.5051309658914802,0.27152785107844,0.13267006177644242
