population,RR_mean,RR_median,RR_IQR,RR_SD
All,0.4069097416768594,0.3722610066571673,0.17832896565480066,0.10884825252652475
Bo,0.3959939008415704,0.35912865059799626,0.1912847042941751,0.11007570756454622
Mave,0.393199264674391,0.3566880371648413,0.17936142139332317,0.10691109879428402
Tess,0.4387331332917694,0.40404446230079016,0.2404933034084813,0.12242019458633477
