population,RR_mean,RR_median,RR_IQR,RR_SD
All,0.43313103224593097,0.40359877788482074,0.15633346754311228,0.08862967036125792
Bo,0.4233700062468245,0.4083956940394453,0.14844765283808897,0.09129655928033016
Mave,0.4223658810039575,0.3886002610245564,0.16035434871375098,0.08746640392121524
Tess,0.4743695979336258,0.5060396592231358,0.21572890318010796,0.11034996233133607
