population,RR_mean,RR_median,RR_IQR,RR_SD
All,0.40669702230626054,0.38321643072153083,0.17690101032448552,0.10717303506907525
Bo,0.397437649963207,0.35546598227078774,0.15280816968722183,0.1028610697896122
Mave,0.3932286011110336,0.35923452851035376,0.18761313183107414,0.10577684404395786
Tess,0.44765429015321195,0.4986900144582313,0.2551685299378871,0.12495024979176207
