population,RR_mean,RR_median,RR_IQR,RR_SD
All,0.40869529226907036,0.3870536477893376,0.18051404402631555,0.10660466418189457
Bo,0.3988223957326706,0.358448628925126,0.14798198836300114,0.10311927244409533
Mave,0.3950954442280224,0.36085159275117773,0.19893098179065727,0.10552277959064472
Tess,0.45526264665474375,0.5096980112938866,0.25864298238799743,0.12805452005609483
