population,RR_mean,RR_median,RR_IQR,RR_SD
All,0.4046987523434507,0.37905699052533426,0.17200136282474637,0.10781995148582917
Bo,0.3955492311357204,0.3525828239375136,0.15311781653866258,0.1038742884063075
Mave,0.39033125362335686,0.35787210413044696,0.18467367974374782,0.10692929802922901
Tess,0.44310695822565693,0.49069827959432444,0.25390650671435866,0.12297584378848882
