population,RR_mean,RR_median,RR_IQR,RR_SD
All,0.404419148730628,0.36924216473949883,0.19548327220810235,0.11437027098579972
Bo,0.39273124159626477,0.35229457282126464,0.20493201371085662,0.11419913285490976
Mave,0.3884596357473459,0.347549594669795,0.19035255654676692,0.11254724957312773
Tess,0.4269532760399172,0.381427486654375,0.23318909372025332,0.12312657800941647
