population,RRT_mean,RRT_median,RRT_IQR,RRT_SD
All,0.5998914159794319,0.7203369209411452,0.6117785427017015,0.31027353787499035
Bo,0.6572942915978048,0.7071729957805907,0.43611733228515537,0.2513217383716734
Mave,0.6007388810220768,0.7477054317631346,0.5967360953546328,0.31282005219455017
Tess,0.6463898908443736,0.75,0.5488801054018446,0.3004282489393174
