population,RRT_mean,RRT_median,RRT_IQR,RRT_SD
All,0.6029468424850075,0.7251105893098136,0.6094084720010275,0.3088983977440499
Bo,0.67901146451373,0.705232129697863,0.37603770800768266,0.2252871924393724
Mave,0.6027213396368718,0.7496404576383969,0.5790023133707717,0.31078285922446897
Tess,0.6587856503718855,0.7656217951576225,0.42230451299442395,0.2962177317585409
