population,RRT_mean,RRT_median,RRT_IQR,RRT_SD
All,0.5943892306965024,0.7120039615926945,0.5965522511333738,0.3025056795565966
Bo,0.635550506912101,0.7351664254703328,0.48508328749480556,0.2799917728746441
Mave,0.5881739496374041,0.730679054957493,0.6013400758073262,0.3112176167700695
Tess,0.6334973001245757,0.8,0.5317605233219569,0.3007777075321356
