population,RRT_mean,RRT_median,RRT_IQR,RRT_SD
All,0.5996177716174882,0.7175368139223561,0.605403898169533,0.3115657795329488
Bo,0.673921491395939,0.7136659436008677,0.3914490063517362,0.23751681388884222
Mave,0.6031198841335174,0.7492559899117276,0.5909591227450536,0.3117739691375029
Tess,0.6519610321541066,0.7508532423208191,0.5516224188790562,0.30196587467607644
