population,RRT_mean,RRT_median,RRT_IQR,RRT_SD
All,0.5946027639324166,0.7015810276679841,0.5956989247311828,0.30619192552498536
Bo,0.6629666028018864,0.8140900195694716,0.3685671722643553,0.26015753508030387
Mave,0.5897240168084109,0.7360127761511845,0.6096574870437943,0.30606526828371405
Tess,0.653587406368576,0.813355899142308,0.3583179031590451,0.2873129099585862
