population,RRT_mean,RRT_median,RRT_IQR,RRT_SD
All,0.6029415978745424,0.7304964539007093,0.5871839005136218,0.3034035546963148
Bo,0.663744511947728,0.730280152810624,0.3902300033955026,0.24750368917631638
Mave,0.6017451740311142,0.7495766765180394,0.5818222105581601,0.30596532668914184
Tess,0.6537015375108908,0.7452415812591509,0.48288288288288284,0.2895531308947607
