population,RRT_mean,RRT_median,RRT_IQR,RRT_SD
All,0.604932679016809,0.7341624170916241,0.604055661461581,0.3081194700181576
Bo,0.673263927716117,0.7079889807162535,0.3639289513728975,0.2365025397430918
Mave,0.6041435535218367,0.7456953642384105,0.5755353353478827,0.3101298458857231
Tess,0.6488093791825321,0.7423664122137404,0.5273455917020273,0.2986512607643009
