population,RRT_mean,RRT_median,RRT_IQR,RRT_SD
All,0.6039397607509083,0.7320890796509991,0.6067979795169962,0.30833914781915667
Bo,0.6731317060718043,0.7084717607973422,0.3754911241761214,0.23507697084279341
Mave,0.6046882937096241,0.7484520928071977,0.5783092541383323,0.31031880537031664
Tess,0.6423252562427453,0.7394675967010993,0.5827928248350092,0.3039446131111322
