population,RRT_mean,RRT_median,RRT_IQR,RRT_SD
All,0.5944954008529066,0.7117437722419929,0.5964384674144447,0.30417381993395753
Bo,0.6514343090129698,0.7887412233037578,0.37929942472943456,0.2724252475252665
Mave,0.5893235867117114,0.7321153221879565,0.6089656809468214,0.30734114074170815
Tess,0.659538177951817,0.8141695702671312,0.35111067609071056,0.2867384060062512
