population,RRT_mean,RRT_median,RRT_IQR,RRT_SD
All,0.6114952771578809,0.7253115668146908,0.5624167479817149,0.2951032879683932
Bo,0.6839594196208363,0.7235220739776549,0.3230800246585699,0.22818300281875198
Mave,0.6106815318903563,0.7531752305665349,0.529119914310246,0.2989042394582714
Tess,0.6515475054025659,0.745125348189415,0.48097249981025636,0.28849854890598586
