population,RRT_mean,RRT_median,RRT_IQR,RRT_SD
All,0.6001650603413754,0.7245891855261212,0.6133523463831994,0.3093224217539779
Bo,0.6602661135029816,0.7064562900297771,0.4465219539232697,0.24755772900780584
Mave,0.6006343651156468,0.7486865802767406,0.6046096750039331,0.31431461708682645
Tess,0.6430203453561526,0.7554347826086957,0.5482989280332111,0.30406408015300607
