population,stickiness_mean,stickiness_median,stickiness_IQR,stickiness_SD
All,0.6141844735066108,0.6356916686918042,0.43210919364955325,0.2623596423598769
Bo,0.6279782292866108,0.6393297717338513,0.3737118120868222,0.24058509737062947
Mave,0.636502436159681,0.6825410616658101,0.3826299555391057,0.2662361131665378
Tess,0.5999188247364651,0.6000863557858376,0.5633707456476603,0.2982354264917706
