population,stickiness_mean,stickiness_median,stickiness_IQR,stickiness_SD
All,0.6132431501346717,0.6349151904542074,0.43062918039412723,0.26264821319558235
Bo,0.6228867898772161,0.6278836331506525,0.3651425409304951,0.2403540989000769
Mave,0.6354257581590462,0.6781270597214326,0.38817434891230235,0.2639363743586752
Tess,0.6000223263072968,0.6026460643180331,0.5654276968750809,0.29636819937566966
