population,stickiness_mean,stickiness_median,stickiness_IQR,stickiness_SD
All,0.6105950853588149,0.634036936724194,0.43549649844102645,0.2617991985570884
Bo,0.6246399471433691,0.6351023492403052,0.3719823316548241,0.2408148853939676
Mave,0.6333836691653967,0.6793644267923522,0.3797426841165925,0.26544555183976054
Tess,0.5969695108579174,0.5986329279962155,0.5585162213847976,0.29636386543190646
