population,stickiness_mean,stickiness_median,stickiness_IQR,stickiness_SD
All,0.6099518564523129,0.6320588918512942,0.42700743566481747,0.2621482199784077
Bo,0.6204830396224806,0.6237929570723486,0.3609648491928912,0.23919605080740405
Mave,0.6307998541906251,0.6774534549063052,0.3837461873498439,0.2637392761135517
Tess,0.5970430032046158,0.6048486254494838,0.5555349863786514,0.29229688464495057
