population,stickiness_mean,stickiness_median,stickiness_IQR,stickiness_SD
All,0.6189293832764102,0.6435980513722164,0.4092231927819834,0.26084993509045534
Bo,0.6359303933008033,0.6673604045231311,0.3785618255551356,0.24091187135000403
Mave,0.6435374381894632,0.6950768783267065,0.3751041352727429,0.2610792157342177
Tess,0.6032570244369471,0.5964990847023515,0.5590847922894155,0.2916885663141914
