population,stickiness_mean,stickiness_median,stickiness_IQR,stickiness_SD
All,0.6096425284668022,0.6482508785221351,0.3935967830787618,0.2641697975339727
Bo,0.6189044382248682,0.677026216317649,0.4037159837568044,0.2500907070547813
Mave,0.6309251115608199,0.6958232024499134,0.3917105069391769,0.2632150951453747
Tess,0.5901591301888529,0.5876843911856973,0.5499444500340624,0.29060769424098665
