population,stickiness_mean,stickiness_median,stickiness_IQR,stickiness_SD
All,0.6165344438170305,0.6370808433321835,0.4373819640151936,0.26339780647624456
Bo,0.6260645437641527,0.6360634976216758,0.363551294164947,0.23915481063142643
Mave,0.6371638390525769,0.6839526553687734,0.3916006778094804,0.2674147642004871
Tess,0.6045402500363728,0.606032862433656,0.5571073187559777,0.2976785491143483
