population,stickiness_mean,stickiness_median,stickiness_IQR,stickiness_SD
All,0.6138566756201729,0.6416194838554821,0.4205581031509458,0.26335349367772887
Bo,0.6221497444219631,0.6519386967361926,0.38406936803609404,0.24503841197774637
Mave,0.637496368850029,0.6884094914555562,0.38316074831654556,0.2623212512649089
Tess,0.5988295551900527,0.5939892242050515,0.5598140742279717,0.2946680594246134
