population,stickiness_mean,stickiness_median,stickiness_IQR,stickiness_SD
All,0.6053764243454318,0.6503849653176408,0.3880358142740662,0.2652298780384938
Bo,0.6175553317395815,0.6781848639907013,0.3993561354188793,0.2506591099043572
Mave,0.6270266779683565,0.6903855532332637,0.39860692325378616,0.2629152928645974
Tess,0.5853715579480251,0.5819446562563722,0.5433779076092506,0.28549673346994436
