population,stickiness_mean,stickiness_median,stickiness_IQR,stickiness_SD
All,0.6139086325881727,0.6481439987312656,0.3814145906113504,0.2633313881388157
Bo,0.624283253502397,0.6753473601445841,0.3917456828835733,0.2483015980423586
Mave,0.6330689493761592,0.6965074087886334,0.3824566100962362,0.26812762088396064
Tess,0.5939651884122238,0.5897364172567574,0.5446436337888305,0.2908647918049768
