population,stickiness_mean,stickiness_median,stickiness_IQR,stickiness_SD
All,0.6177738616544065,0.6374567577113459,0.4322075820081821,0.2631612066291284
Bo,0.6335065575604965,0.6505734346462955,0.3737196478504739,0.23867829668653354
Mave,0.641542071586873,0.6840624893195256,0.38182509542945775,0.2657536697093152
Tess,0.603458742813055,0.6027687422855179,0.5695156753499899,0.2995163731243391
