population,TAT50_mean,TAT50_median,TAT50_IQR,TAT50_SD
All,0.4487675587002643,0.2839171701534098,0.920985864443639,0.4402516977838216
Bo,0.49123225877679366,0.6192760019217234,0.9330162614780955,0.4369452400185165
Mave,0.4567634614454318,0.42520600744284953,0.915798833748826,0.43501452137779734
Tess,0.4449690655054939,0.2358923782602843,0.9298839337125508,0.44395143298384143
