population,TAT50_mean,TAT50_median,TAT50_IQR,TAT50_SD
All,0.41310929328045937,0,0.92814269178969655,0.4620907056960066
Bo,0.42987456031883314,0.12986156888595912,0.9260547354824906,0.450946363015413
Mave,0.413798048078234,0.007893677202778233,0.9187146694131192,0.45341177217188844
Tess,0.41542332661814463,0,0.9328583109857924,0.4650406651316748
