population,TAT50_mean,TAT50_median,TAT50_IQR,TAT50_SD
All,0.41340964515265904,0,0.9282012646881673,0.46150581596676354
Bo,0.4308227905868667,0.14113455741298986,0.9229986135650523,0.44799102189603063
Mave,0.40975328140847256,0.007800191524105889,0.9144805711175641,0.45187351146534965
Tess,0.4096616324253825,0,0.9177728724166614,0.45879116840151435
