population,TAT50_mean,TAT50_median,TAT50_IQR,TAT50_SD
All,0.448917083790632,0.31130152347942563,0.9253572990046711,0.44091063260342445
Bo,0.49707621132333296,0.6963959399906889,0.9356810758966553,0.4421817888108726
Mave,0.4559292915137235,0.4237938596491228,0.919524709694842,0.4376307388146799
Tess,0.4430319109784839,0.23988246385017153,0.928688158738499,0.44539917285393493
