population,TAT50_mean,TAT50_median,TAT50_IQR,TAT50_SD
All,0.4490666088809997,0.3284797860743336,0.9279960928596442,0.4420585217767243
Bo,0.49562283414573854,0.6975239060703262,0.932188484081454,0.445217528043617
Mave,0.45505740513416376,0.41778112841892556,0.9153941817494722,0.4392675352992663
Tess,0.436621021368571,0.20030378915806535,0.9290920892750847,0.4485638199920028
