population,TAT50_mean,TAT50_median,TAT50_IQR,TAT50_SD
All,0.43767729498454344,0.23974651070910696,0.9209106577622096,0.44260929871767163
Bo,0.4906612591676497,0.7292953754627591,0.9234103401864814,0.4434879300788807
Mave,0.4572792865468745,0.4816661234697123,0.9105544664166382,0.43270218661749693
Tess,0.4197238224333658,0.04782237403928267,0.9182772553723912,0.44967896038300825
