population,TAT50_mean,TAT50_median,TAT50_IQR,TAT50_SD
All,0.41255057838122494,0,0.9274355867474531,0.4602157672832552
Bo,0.4290336502960309,0.15581005689711677,0.9175362368236242,0.44797731808001395
Mave,0.40826283099649713,0,0.9128754610925698,0.4511144257734702
Tess,0.41126316454741485,0,0.9235806947375172,0.46052349824087013
