population,TAT50_mean,TAT50_median,TAT50_IQR,TAT50_SD
All,0.42102848995941744,0.13853412250392305,0.9077022575010503,0.4407122811954137
Bo,0.48217505958656404,0.6755456432862468,0.9055229796556603,0.4299949679512962
Mave,0.42827301339401075,0.2963725529308313,0.8874877548164388,0.4262202704574403
Tess,0.399813036925716,0,0.8925474665760434,0.4459334627369569
