population,TAT50_mean,TAT50_median,TAT50_IQR,TAT50_SD
All,0.412980111766942,0,0.9278399278982753,0.4606050533758934
Bo,0.4299282204414488,0.14113455741298986,0.9199752049412298,0.4477358384435942
Mave,0.4090080562024848,0.001664818694402459,0.9139768786287299,0.4512435652498464
Tess,0.4104623984863987,0,0.9214141696754912,0.45940312724979404
