population,TAT50_mean,TAT50_median,TAT50_IQR,TAT50_SD
All,0.4139897183616499,0,0.9306014902350743,0.4625597005832447
Bo,0.43069188929499974,0.1511543799820666,0.9263588334522769,0.451136939101406
Mave,0.4157675258241351,0.022380792326926434,0.9206983534378395,0.45304920733952353
Tess,0.4147175342313487,0,0.9309445823295699,0.4640409686000189
