population,TAT50_mean,TAT50_median,TAT50_IQR,TAT50_SD
All,0.41487014344284046,0,0.9320956353788932,0.46354083754118275
Bo,0.4305018332711595,0.1511543799820666,0.9283454308579937,0.45216331317276975
Mave,0.4149120402273464,0.01953784696661326,0.9216635797129173,0.45378503865148495
Tess,0.41428775223544195,0,0.9282127828551482,0.46379973445507094
