population,TAT_mean,TAT_median,TAT_IQR,TAT_SD
All,0.4432772068144817,0.43535181077249946,0.5978733888199032,0.3125651282188976
Bo,0.4736662377712417,0.524636771759984,0.5518623836013142,0.3168975621683879
Mave,0.43804645657147434,0.4424802121082829,0.6062233421207015,0.31185745982818663
Tess,0.43573023627423163,0.39501989891353484,0.7902137887302743,0.3425787932211247
