population,TAT_mean,TAT_median,TAT_IQR,TAT_SD
All,0.4453216660387897,0.4117818044968422,0.6468367598841931,0.33617702601322313
Bo,0.472259809120395,0.5226157166622255,0.6006989200529405,0.33106327024817267
Mave,0.4422521413060234,0.4528351214297197,0.6501721151611378,0.33255764202242477
Tess,0.4409852863137179,0.3675778976715733,0.785778429303757,0.35887875359312915
