population,TAT_mean,TAT_median,TAT_IQR,TAT_SD
All,0.41756746826415037,0.3174482022924542,0.7289684968080526,0.35758979571344135
Bo,0.43311969335995903,0.417213339925033,0.7079335685370438,0.34653089398953196
Mave,0.41428588691944107,0.348505314714498,0.7125902938384914,0.3504534165991033
Tess,0.40946641392054683,0.2096370294356696,0.8299100345329501,0.3816214311881752
