population,TAT_mean,TAT_median,TAT_IQR,TAT_SD
All,0.4147021411093786,0.31323114739891095,0.7236043303927654,0.3541185422550243
Bo,0.4317553966370715,0.41110989615560173,0.69623913018878,0.34902068915935225
Mave,0.4165891829114194,0.363814304276288,0.7141413231496123,0.3493964796488537
Tess,0.4186454067595848,0.2470285811900964,0.8344844099043065,0.38207708502250265
