population,TAT_mean,TAT_median,TAT_IQR,TAT_SD
All,0.4166120456698064,0.317171695825462,0.7243050382653,0.3561274859238633
Bo,0.4352148568166215,0.4208526332199156,0.7028349553472084,0.34447188502295106
Mave,0.4135530971593782,0.34628246084657577,0.7128236281373196,0.3488816322380306
Tess,0.41179661275187035,0.21122558753273124,0.8312571446725151,0.38317754107219126
