population,TAT_mean,TAT_median,TAT_IQR,TAT_SD
All,0.4134784392525238,0.30128356298991477,0.7189104729522608,0.3522097295692019
Bo,0.43152213930723915,0.4073381550838032,0.6913541949560154,0.34777187537531257
Mave,0.4159008134432115,0.36223808111329303,0.7093898477103763,0.3484076487322805
Tess,0.41805567067214006,0.24747431902985795,0.8360184468903304,0.3807178376389822
