population,TAT_mean,TAT_median,TAT_IQR,TAT_SD
All,0.4396999250230804,0.425074260147475,0.5915937420697367,0.3097464603649678
Bo,0.4710970126159699,0.5267186047871857,0.5515188336226208,0.3159829433226821
Mave,0.4354363451281801,0.4497806880955181,0.5983797239755342,0.30874729581394716
Tess,0.43624962060682865,0.3899623663169635,0.7767694273280898,0.33792272553965147
