population,TAT_mean,TAT_median,TAT_IQR,TAT_SD
All,0.4156566230754624,0.31522656512513514,0.716974792286845,0.35505456726329687
Bo,0.4320099113094899,0.39867807467166927,0.6999121374395085,0.3456225924998491
Mave,0.41382905496709677,0.3480737455482824,0.7098594876524469,0.34864730913042696
Tess,0.41297164152965626,0.21907220943292838,0.8273083670043782,0.38170401426236894
