population,TAT_mean,TAT_median,TAT_IQR,TAT_SD
All,0.437779083344781,0.3929350386369468,0.6495100058398884,0.3368106817676824
Bo,0.4690090677019281,0.5036055240327121,0.6164419208925733,0.32347944414193547
Mave,0.43224045278802475,0.4169745064984778,0.6389096293331167,0.329536016673658
Tess,0.42095160381210317,0.2953070322054282,0.7742086386173496,0.35629567291506625
