population,TAT_mean,TAT_median,TAT_IQR,TAT_SD
All,0.41592584296623336,0.3148617309045587,0.7293182307810465,0.3564049325524347
Bo,0.4319886539669039,0.4131955167575232,0.7022778216370227,0.3506519648293578
Mave,0.41727755237962727,0.3660423624678455,0.7175586037565862,0.3507689394598738
Tess,0.4192351428470295,0.24542567245061983,0.8307295545801107,0.38385434441515093
