population,TAT_mean,TAT_median,TAT_IQR,TAT_SD
All,0.43612264323167915,0.40908468858717084,0.5830155971399846,0.3072080896900996
Bo,0.46813847827155336,0.5116161707497233,0.5494432119310446,0.31220006985931337
Mave,0.43468134332803116,0.44261244373603925,0.5828547517387507,0.30377944707568066
Tess,0.43190567438609406,0.3796392740654847,0.7641992989213161,0.33236998560201586
